{
    "plants": [
        {
            "num": [
                "0.0067",
                "1.2",
                "60.0"
            ],
            "den": [
                "0.00011773",
                "0.0128",
                "1.2",
                "60.0"
            ]
        },
        {
            "num": [
                "1"
            ],
            "den": [
                "1",
                "0"
            ]
        }
    ],
    "controller": {
        "num": [
            "Kd",
            "Kp",
            "Ki"
        ],
        "den": [
            "1",
            "0"
        ]
    },
    "constants": {
        "Kp": 25.027098900329598,
        "Ki": 10000.10,
        "Kd": 3.4827237071078834,
        "m": 0.71,
        "g": 9.81,
        "N": 4,
        "A": 8.3e-7,
        "Tr": 1.93e-02,
        "Kr": 2896,
        "U0": "math.sqrt( (m * g) / (N * A * (Kr**2)) )",
        "Wc": 50,
        "PM": 40
    }    
}