{
    "numerator": [
        "Kd",
        "Kp",
        "Ki"
    ],
    "denominator": [
        "Tr * Ixx",
        "Ixx + Kd",
        "Kp",
        "Ki"
    ],
    "constants": {
        "Kp": 0.9985986339636171,
        "Ki": -0.0648635524358652,
        "Kd": 0.20455499344218267,
        "Tr": 0.2,
        "Ixx": 0.0000625
    }
}
